{
	"info": {
		"_postman_id": "e3658259-9b2a-48c6-b2bb-99573e1bf207",
		"name": "Exercicio-Collection",
		"schema": "https://schema.getpostman.com/json/collection/v2.1.0/collection.json"
	},
	"item": [
		{
			"name": "Produtos",
			"item": [
				{
					"name": "localhost:8080/produtos",
					"request": {
						"method": "POST",
						"header": [],
						"body": {
							"mode": "raw",
							"raw": "{\r\n    \"nomeProduto\":\"aa\",\r\n    \"valorProduto\":10.0\r\n}",
							"options": {
								"raw": {
									"language": "json"
								}
							}
						},
						"url": {
							"raw": "localhost:8080/produtos",
							"host": [
								"localhost"
							],
							"port": "8080",
							"path": [
								"produtos"
							]
						}
					},
					"response": []
				},
				{
					"name": "localhost:8080/produtos-get all",
					"protocolProfileBehavior": {
						"disableBodyPruning": true
					},
					"request": {
						"method": "GET",
						"header": [],
						"body": {
							"mode": "raw",
							"raw": "{\r\n    \"nomeProduto\":\"aa\",\r\n    \"valorProduto\":10.0\r\n}",
							"options": {
								"raw": {
									"language": "json"
								}
							}
						},
						"url": {
							"raw": "localhost:8080/produtos",
							"host": [
								"localhost"
							],
							"port": "8080",
							"path": [
								"produtos"
							]
						}
					},
					"response": []
				},
				{
					"name": "localhost:8080/produtos-delete by id",
					"request": {
						"method": "DELETE",
						"header": [],
						"body": {
							"mode": "raw",
							"raw": "{\r\n    \"nomeProduto\":\"aa\",\r\n    \"valorProduto\":10.0\r\n}",
							"options": {
								"raw": {
									"language": "json"
								}
							}
						},
						"url": {
							"raw": "localhost:8080/produtos/2",
							"host": [
								"localhost"
							],
							"port": "8080",
							"path": [
								"produtos",
								"2"
							]
						}
					},
					"response": []
				},
				{
					"name": "localhost:8080/produtos-update by id Copy",
					"request": {
						"method": "PUT",
						"header": [],
						"body": {
							"mode": "raw",
							"raw": "{\r\n    \"nomeProduto\":\"aa\",\r\n    \"valorProduto\":10.0\r\n}",
							"options": {
								"raw": {
									"language": "json"
								}
							}
						},
						"url": {
							"raw": "localhost:8080/produtos/1",
							"host": [
								"localhost"
							],
							"port": "8080",
							"path": [
								"produtos",
								"1"
							]
						}
					},
					"response": []
				},
				{
					"name": "localhost:8080/vendas-get by id",
					"protocolProfileBehavior": {
						"disableBodyPruning": true
					},
					"request": {
						"method": "GET",
						"header": [],
						"body": {
							"mode": "raw",
							"raw": "{\r\n    \"clienteId\":1,\r\n    \"produtos\":[\r\n        1\r\n    ],\r\n    \"valorVenda\":10.0\r\n}",
							"options": {
								"raw": {
									"language": "json"
								}
							}
						},
						"url": {
							"raw": "localhost:8080/vendas/1",
							"host": [
								"localhost"
							],
							"port": "8080",
							"path": [
								"vendas",
								"1"
							]
						}
					},
					"response": []
				}
			]
		},
		{
			"name": "Clientes",
			"item": [
				{
					"name": "localhost:8080/clientes",
					"request": {
						"method": "POST",
						"header": [],
						"body": {
							"mode": "raw",
							"raw": "{\r\n    \"nomeCliente\":\"aa\",\r\n    \"saldoCliente\":10.0\r\n}",
							"options": {
								"raw": {
									"language": "json"
								}
							}
						},
						"url": {
							"raw": "localhost:8080/clientes",
							"host": [
								"localhost"
							],
							"port": "8080",
							"path": [
								"clientes"
							]
						}
					},
					"response": []
				},
				{
					"name": "localhost:8080/clientes-get all",
					"protocolProfileBehavior": {
						"disableBodyPruning": true
					},
					"request": {
						"method": "GET",
						"header": [],
						"body": {
							"mode": "raw",
							"raw": "{\r\n    \"nomeCliente\":\"aa\",\r\n    \"saldoCliente\":10.0\r\n}",
							"options": {
								"raw": {
									"language": "json"
								}
							}
						},
						"url": {
							"raw": "localhost:8080/clientes",
							"host": [
								"localhost"
							],
							"port": "8080",
							"path": [
								"clientes"
							]
						}
					},
					"response": []
				},
				{
					"name": "localhost:8080/clientes-get by id",
					"protocolProfileBehavior": {
						"disableBodyPruning": true
					},
					"request": {
						"method": "GET",
						"header": [],
						"body": {
							"mode": "raw",
							"raw": "{\r\n    \"nomeCliente\":\"aa\",\r\n    \"saldoCliente\":10.0\r\n}",
							"options": {
								"raw": {
									"language": "json"
								}
							}
						},
						"url": {
							"raw": "localhost:8080/clientes/1",
							"host": [
								"localhost"
							],
							"port": "8080",
							"path": [
								"clientes",
								"1"
							]
						}
					},
					"response": []
				},
				{
					"name": "localhost:8080/clientes-update by id",
					"request": {
						"method": "PUT",
						"header": [],
						"body": {
							"mode": "raw",
							"raw": "{\r\n    \"nomeCliente\":\"aa\",\r\n    \"saldoCliente\":10.0\r\n}",
							"options": {
								"raw": {
									"language": "json"
								}
							}
						},
						"url": {
							"raw": "localhost:8080/clientes/1",
							"host": [
								"localhost"
							],
							"port": "8080",
							"path": [
								"clientes",
								"1"
							]
						}
					},
					"response": []
				},
				{
					"name": "localhost:8080/clientes-delete by id",
					"request": {
						"method": "DELETE",
						"header": [],
						"body": {
							"mode": "raw",
							"raw": "{\r\n    \"nomeCliente\":\"aa\",\r\n    \"saldoCliente\":10.0\r\n}",
							"options": {
								"raw": {
									"language": "json"
								}
							}
						},
						"url": {
							"raw": "localhost:8080/clientes/2",
							"host": [
								"localhost"
							],
							"port": "8080",
							"path": [
								"clientes",
								"2"
							]
						}
					},
					"response": []
				}
			]
		},
		{
			"name": "Vendas",
			"item": [
				{
					"name": "localhost:8080/vendas",
					"request": {
						"method": "POST",
						"header": [],
						"body": {
							"mode": "raw",
							"raw": "{\r\n    \"clienteId\":1,\r\n    \"produtos\":[\r\n        1\r\n    ],\r\n    \"valorVenda\":10.0\r\n}",
							"options": {
								"raw": {
									"language": "json"
								}
							}
						},
						"url": {
							"raw": "localhost:8080/vendas",
							"host": [
								"localhost"
							],
							"port": "8080",
							"path": [
								"vendas"
							]
						}
					},
					"response": []
				},
				{
					"name": "localhost:8080/vendas-get all",
					"protocolProfileBehavior": {
						"disableBodyPruning": true
					},
					"request": {
						"method": "GET",
						"header": [],
						"body": {
							"mode": "raw",
							"raw": "{\r\n    \"clienteId\":1,\r\n    \"produtos\":[\r\n        1\r\n    ],\r\n    \"valorVenda\":10.0\r\n}",
							"options": {
								"raw": {
									"language": "json"
								}
							}
						},
						"url": {
							"raw": "localhost:8080/vendas",
							"host": [
								"localhost"
							],
							"port": "8080",
							"path": [
								"vendas"
							]
						}
					},
					"response": []
				},
				{
					"name": "localhost:8080/vendas-get by id",
					"protocolProfileBehavior": {
						"disableBodyPruning": true
					},
					"request": {
						"method": "GET",
						"header": [],
						"body": {
							"mode": "raw",
							"raw": "{\r\n    \"clienteId\":1,\r\n    \"produtos\":[\r\n        1\r\n    ],\r\n    \"valorVenda\":10.0\r\n}",
							"options": {
								"raw": {
									"language": "json"
								}
							}
						},
						"url": {
							"raw": "localhost:8080/vendas/1",
							"host": [
								"localhost"
							],
							"port": "8080",
							"path": [
								"vendas",
								"1"
							]
						}
					},
					"response": []
				}
			]
		}
	]
}